"complex_id","complex_name","complex_creator","complex_state","complex_ready_date","low_price","high_price","complex_location","complex_metro","complex_location_coords","geocoding_accurate","complex_closest_metro","complex_dist_to_metro","complex_apartment_count","apartment_address","apartment_seller","apartment_seller_tel","apartment_selling_type","apartment_building_type","apartment_ready_date","official_offer","apartment_type","apartment_total_area","apartment_living_area","apartment_kitchen_area","apartment_floor_number","apartment_floor_total","apartment_has_service_elevator","apartment_has_pass_elevator","apartment_has_balkony","apartment_has_loggia","apartment_closest_metro","apartment_closest_metro_dist_time","apartment_closest_metro_dist_type","apartment_price_meter","apartment_price","apartment_link","apartment_building_type_n","apartment_type_n","apartment_complex_state_n","apartment_complex_lon","apartment_complex_lat","apartment_complex_lon_center","apartment_complex_lat_center","apartment_dist_to_center","apartment_ready_date_n","apartment_ready_date_diff","apartment_is_last_floor","apartment_is_first_floor","apartment_price_pred","percents","apartment_benefit_price","predict_error"
1743,"ЖК «Северная Долина»","ГлавстройСпб","Строится"," IV квартал 2014 года ",59000,151000,"Санкт-Петербург, пос. Парголово, район Выборгский, ул. Валерия Гаврилина, 3А","Парнас, 5 мин. пешком","60.073503:30.3336247",TRUE,"Парнас",725.121537587476,2323,"Санкт-Петербург, пос. Парголово, район Выборгский, Заречная ул.","ID:11656509","+7 812 389-69...","новостройка","кирпично-монолитный"," 2017 год",TRUE,"1-комнатная",38,14.6,10.8,14,27,FALSE,TRUE,FALSE,TRUE,"Парнас",5,"пешком",65263,2480000,"http://spb.cian.ru/sale/flat/143131912/",1,1,3,30.3336247,60.073503,30.316215,59.948907,13903.7491424309,2017-09-01,449,FALSE,FALSE,2493582.59416656,0.55,13583,6.725
1743,"ЖК «Северная Долина»","ГлавстройСпб","Строится"," IV квартал 2014 года ",59000,151000,"Санкт-Петербург, пос. Парголово, район Выборгский, ул. Валерия Гаврилина, 3А","Парнас, 5 мин. пешком","60.073503:30.3336247",TRUE,"Парнас",725.121537587476,2323,"Санкт-Петербург, пос. Парголово, район Выборгский, Заречная ул.","ID:11656509","+7 812 389-69...","новостройка","кирпично-монолитный"," 2017 год",TRUE,"1-комнатная",37,14.6,10.6,23,27,FALSE,TRUE,FALSE,TRUE,"Парнас",5,"пешком",66216,2450000,"http://spb.cian.ru/sale/flat/143134109/",1,1,3,30.3336247,60.073503,30.316215,59.948907,13903.7491424309,2017-09-01,449,FALSE,FALSE,2449745.83248451,-0.01,-254,6.725
1743,"ЖК «Северная Долина»","ГлавстройСпб","Строится"," IV квартал 2014 года ",59000,151000,"Санкт-Петербург, пос. Парголово, район Выборгский, ул. Валерия Гаврилина, 3А","Парнас, 5 мин. пешком","60.073503:30.3336247",TRUE,"Парнас",725.121537587476,2323,"Санкт-Петербург, пос. Парголово, район Выборгский, Заречная ул.","ID:11656509","+7 812 389-69...","новостройка","кирпично-монолитный"," 2017 год",TRUE,"1-комнатная",39,14.6,10.6,17,27,FALSE,TRUE,FALSE,TRUE,"Парнас",5,"пешком",64615,2520000,"http://spb.cian.ru/sale/flat/143132771/",1,1,3,30.3336247,60.073503,30.316215,59.948907,13903.7491424309,2017-09-01,449,FALSE,FALSE,2518082.35351677,-0.08,-1918,6.725
1743,"ЖК «Северная Долина»","ГлавстройСпб","Строится"," IV квартал 2014 года ",59000,151000,"Санкт-Петербург, пос. Парголово, район Выборгский, ул. Валерия Гаврилина, 3А","Парнас, 5 мин. пешком","60.073503:30.3336247",TRUE,"Парнас",725.121537587476,2323,"Санкт-Петербург, пос. Парголово, район Выборгский, Заречная ул.","ID:11656509","+7 812 389-69...","новостройка","кирпично-монолитный"," 2017 год",TRUE,"1-комнатная",40,15,10,18,27,FALSE,TRUE,FALSE,TRUE,"Парнас",5,"пешком",62500,2500000,"http://spb.cian.ru/sale/flat/143133537/",1,1,3,30.3336247,60.073503,30.316215,59.948907,13903.7491424309,2017-09-01,449,FALSE,FALSE,2518277.65366107,0.73,18278,6.725
1743,"ЖК «Северная Долина»","ГлавстройСпб","Строится"," IV квартал 2014 года ",59000,151000,"Санкт-Петербург, пос. Парголово, район Выборгский, ул. Валерия Гаврилина, 3А","Парнас, 5 мин. пешком","60.073503:30.3336247",TRUE,"Парнас",725.121537587476,2323,"Санкт-Петербург, пос. Парголово, район Выборгский, Заречная ул.","ID:11656509","+7 812 389-69...","новостройка","кирпично-монолитный"," 2017 год",TRUE,"1-комнатная",38,14.6,10.5,17,27,FALSE,TRUE,FALSE,TRUE,"Парнас",5,"пешком",66316,2520000,"http://spb.cian.ru/sale/flat/143134057/",1,1,3,30.3336247,60.073503,30.316215,59.948907,13903.7491424309,2017-09-01,449,FALSE,FALSE,2496765.78464275,-0.92,-23234,6.725
1743,"ЖК «Северная Долина»","ГлавстройСпб","Строится"," IV квартал 2014 года ",59000,151000,"Санкт-Петербург, пос. Парголово, район Выборгский, ул. Валерия Гаврилина, 3А","Парнас, 5 мин. пешком","60.073503:30.3336247",TRUE,"Парнас",725.121537587476,2323,"Санкт-Петербург, пос. Парголово, район Выборгский, Заречная ул.","ID:11656509","+7 812 389-69...","новостройка","кирпично-монолитный"," 2017 год",TRUE,"1-комнатная",39,14.7,11.7,21,27,FALSE,TRUE,FALSE,TRUE,"Парнас",5,"пешком",64872,2530000,"http://spb.cian.ru/sale/flat/143130481/",1,1,3,30.3336247,60.073503,30.316215,59.948907,13903.7491424309,2017-09-01,449,FALSE,FALSE,2547357.8811558,0.69,17358,6.725
1743,"ЖК «Северная Долина»","ГлавстройСпб","Строится"," IV квартал 2014 года ",59000,151000,"Санкт-Петербург, пос. Парголово, район Выборгский, ул. Валерия Гаврилина, 3А","Парнас, 5 мин. пешком","60.073503:30.3336247",TRUE,"Парнас",725.121537587476,2323,"Санкт-Петербург, пос. Парголово, район Выборгский, Заречная ул.","ID:11656509","+7 812 389-69...","новостройка","кирпично-монолитный"," 2017 год",TRUE,"1-комнатная",41,15,10.2,14,27,FALSE,TRUE,FALSE,TRUE,"Парнас",5,"пешком",61951,2540000,"http://spb.cian.ru/sale/flat/143133456/",1,1,3,30.3336247,60.073503,30.316215,59.948907,13903.7491424309,2017-09-01,449,FALSE,FALSE,2529116.11902904,-0.43,-10884,6.725
1743,"ЖК «Северная Долина»","ГлавстройСпб","Строится"," IV квартал 2014 года ",59000,151000,"Санкт-Петербург, пос. Парголово, район Выборгский, ул. Валерия Гаврилина, 3А","Парнас, 5 мин. пешком","60.073503:30.3336247",TRUE,"Парнас",725.121537587476,2323,"Санкт-Петербург, пос. Парголово, район Выборгский, Заречная ул.","ID:11656509","+7 812 389-69...","новостройка","кирпично-монолитный"," 2017 год",TRUE,"1-комнатная",40,14.7,11.9,9,27,FALSE,TRUE,FALSE,TRUE,"Парнас",5,"пешком",63500,2540000,"http://spb.cian.ru/sale/flat/143130275/",1,1,3,30.3336247,60.073503,30.316215,59.948907,13903.7491424309,2017-09-01,449,FALSE,FALSE,2584927.56924549,1.77,44928,6.725
1743,"ЖК «Северная Долина»","ГлавстройСпб","Строится"," IV квартал 2014 года ",59000,151000,"Санкт-Петербург, пос. Парголово, район Выборгский, ул. Валерия Гаврилина, 3А","Парнас, 5 мин. пешком","60.073503:30.3336247",TRUE,"Парнас",725.121537587476,2323,"Санкт-Петербург, пос. Парголово, район Выборгский, Заречная ул.","ID:11656509","+7 812 389-69...","новостройка","кирпично-монолитный"," 2017 год",TRUE,"1-комнатная",39,14.4,11,19,27,FALSE,TRUE,FALSE,TRUE,"Парнас",5,"пешком",65128,2540000,"http://spb.cian.ru/sale/flat/143133552/",1,1,3,30.3336247,60.073503,30.316215,59.948907,13903.7491424309,2017-09-01,449,FALSE,FALSE,2536627.96845739,-0.13,-3372,6.725
1743,"ЖК «Северная Долина»","ГлавстройСпб","Строится"," IV квартал 2014 года ",59000,151000,"Санкт-Петербург, пос. Парголово, район Выборгский, ул. Валерия Гаврилина, 3А","Парнас, 5 мин. пешком","60.073503:30.3336247",TRUE,"Парнас",725.121537587476,2323,"Санкт-Петербург, пос. Парголово, район Выборгский, Заречная ул.","ID:11656509","+7 812 389-69...","новостройка","кирпично-монолитный"," 2017 год",TRUE,"1-комнатная",41,15.2,15.7,17,27,FALSE,TRUE,FALSE,TRUE,"Парнас",5,"пешком",62195,2550000,"http://spb.cian.ru/sale/flat/143130145/",1,1,3,30.3336247,60.073503,30.316215,59.948907,13903.7491424309,2017-09-01,449,FALSE,FALSE,2633765.25417168,3.28,83765,6.725
1743,"ЖК «Северная Долина»","ГлавстройСпб","Строится"," IV квартал 2014 года ",59000,151000,"Санкт-Петербург, пос. Парголово, район Выборгский, ул. Валерия Гаврилина, 3А","Парнас, 5 мин. пешком","60.073503:30.3336247",TRUE,"Парнас",725.121537587476,2323,"Санкт-Петербург, пос. Парголово, район Выборгский, Заречная ул.","ID:11656509","+7 812 389-69...","новостройка","кирпично-монолитный"," 2017 год",TRUE,"1-комнатная",39,14.4,11.3,27,27,FALSE,TRUE,FALSE,TRUE,"Парнас",5,"пешком",65385,2550000,"http://spb.cian.ru/sale/flat/143133808/",1,1,3,30.3336247,60.073503,30.316215,59.948907,13903.7491424309,2017-09-01,449,TRUE,FALSE,2568910.24511864,0.74,18910,6.725
1743,"ЖК «Северная Долина»","ГлавстройСпб","Строится"," IV квартал 2014 года ",59000,151000,"Санкт-Петербург, пос. Парголово, район Выборгский, ул. Валерия Гаврилина, 3А","Парнас, 5 мин. пешком","60.073503:30.3336247",TRUE,"Парнас",725.121537587476,2323,"Санкт-Петербург, пос. Парголово, район Выборгский, Заречная ул.","ID:11656509","+7 812 389-69...","новостройка","кирпично-монолитный"," 2017 год",TRUE,"1-комнатная",40,14.4,11,24,27,FALSE,TRUE,FALSE,TRUE,"Парнас",5,"пешком",63750,2550000,"http://spb.cian.ru/sale/flat/143133770/",1,1,3,30.3336247,60.073503,30.316215,59.948907,13903.7491424309,2017-09-01,449,FALSE,FALSE,2544564.49187188,-0.21,-5436,6.725
1743,"ЖК «Северная Долина»","ГлавстройСпб","Строится"," IV квартал 2014 года ",59000,151000,"Санкт-Петербург, пос. Парголово, район Выборгский, ул. Валерия Гаврилина, 3А","Парнас, 5 мин. пешком","60.073503:30.3336247",TRUE,"Парнас",725.121537587476,2323,"Санкт-Петербург, пос. Парголово, район Выборгский, Заречная ул.","ID:11656509","+7 812 389-69...","новостройка","кирпично-монолитный"," 2017 год",TRUE,"1-комнатная",40,14.4,11,17,27,FALSE,TRUE,FALSE,TRUE,"Парнас",5,"пешком",63750,2550000,"http://spb.cian.ru/sale/flat/143134162/",1,1,3,30.3336247,60.073503,30.316215,59.948907,13903.7491424309,2017-09-01,449,FALSE,FALSE,2541404.72653265,-0.34,-8595,6.725
1743,"ЖК «Северная Долина»","ГлавстройСпб","Строится"," IV квартал 2014 года ",59000,151000,"Санкт-Петербург, пос. Парголово, район Выборгский, ул. Валерия Гаврилина, 3А","Парнас, 5 мин. пешком","60.073503:30.3336247",TRUE,"Парнас",725.121537587476,2323,"Санкт-Петербург, пос. Парголово, район Выборгский, Заречная ул.","ID:11656509","+7 812 389-69...","новостройка","кирпично-монолитный"," 2017 год",TRUE,"1-комнатная",40,14.4,11.3,15,27,FALSE,TRUE,FALSE,TRUE,"Парнас",5,"пешком",63750,2550000,"http://spb.cian.ru/sale/flat/143134149/",1,1,3,30.3336247,60.073503,30.316215,59.948907,13903.7491424309,2017-09-01,449,FALSE,FALSE,2544216.39319931,-0.23,-5784,6.725
1743,"ЖК «Северная Долина»","ГлавстройСпб","Строится"," IV квартал 2014 года ",59000,151000,"Санкт-Петербург, пос. Парголово, район Выборгский, ул. Валерия Гаврилина, 3А","Парнас, 5 мин. пешком","60.073503:30.3336247",TRUE,"Парнас",725.121537587476,2323,"Санкт-Петербург, пос. Парголово, район Выборгский, Заречная ул.","ID:11656509","+7 812 389-69...","новостройка","кирпично-монолитный"," 2017 год",TRUE,"1-комнатная",40,14.2,15.6,26,27,FALSE,TRUE,FALSE,TRUE,"Парнас",5,"пешком",64000,2560000,"http://spb.cian.ru/sale/flat/143130135/",1,1,3,30.3336247,60.073503,30.316215,59.948907,13903.7491424309,2017-09-01,449,FALSE,FALSE,2619545.36877276,2.33,59545,6.725
1743,"ЖК «Северная Долина»","ГлавстройСпб","Строится"," IV квартал 2014 года ",59000,151000,"Санкт-Петербург, пос. Парголово, район Выборгский, ул. Валерия Гаврилина, 3А","Парнас, 5 мин. пешком","60.073503:30.3336247",TRUE,"Парнас",725.121537587476,2323,"Санкт-Петербург, пос. Парголово, район Выборгский, Заречная ул.","ID:11656509","+7 812 389-69...","новостройка","кирпично-монолитный"," 2017 год",TRUE,"1-комнатная",40,14.1,14.1,23,27,FALSE,TRUE,FALSE,TRUE,"Парнас",5,"пешком",63000,2520000,"http://spb.cian.ru/sale/flat/143130788/",1,1,3,30.3336247,60.073503,30.316215,59.948907,13903.7491424309,2017-09-01,449,FALSE,FALSE,2598049.99941989,3.1,78050,6.725
1743,"ЖК «Северная Долина»","ГлавстройСпб","Строится"," IV квартал 2014 года ",59000,151000,"Санкт-Петербург, пос. Парголово, район Выборгский, ул. Валерия Гаврилина, 3А","Парнас, 5 мин. пешком","60.073503:30.3336247",TRUE,"Парнас",725.121537587476,2323,"Санкт-Петербург, пос. Парголово, район Выборгский, Заречная ул.","ID:11656509","+7 812 389-69...","новостройка","кирпично-монолитный"," 2017 год",TRUE,"1-комнатная",39,14.6,10.5,16,27,FALSE,TRUE,FALSE,TRUE,"Парнас",5,"пешком",64615,2520000,"http://spb.cian.ru/sale/flat/143134054/",1,1,3,30.3336247,60.073503,30.316215,59.948907,13903.7491424309,2017-09-01,449,FALSE,FALSE,2519130.18685011,-0.03,-870,6.725
1743,"ЖК «Северная Долина»","ГлавстройСпб","Строится"," IV квартал 2014 года ",59000,151000,"Санкт-Петербург, пос. Парголово, район Выборгский, ул. Валерия Гаврилина, 3А","Парнас, 5 мин. пешком","60.073503:30.3336247",TRUE,"Парнас",725.121537587476,2323,"Санкт-Петербург, пос. Парголово, район Выборгский, Заречная ул.","ID:11656509","+7 812 389-69...","новостройка","кирпично-монолитный"," 2017 год",TRUE,"1-комнатная",40,16.3,10.2,18,27,FALSE,TRUE,FALSE,TRUE,"Парнас",5,"пешком",63250,2530000,"http://spb.cian.ru/sale/flat/143130896/",1,1,3,30.3336247,60.073503,30.316215,59.948907,13903.7491424309,2017-09-01,449,FALSE,FALSE,2566874.93288185,1.46,36875,6.725
1743,"ЖК «Северная Долина»","ГлавстройСпб","Строится"," IV квартал 2014 года ",59000,151000,"Санкт-Петербург, пос. Парголово, район Выборгский, ул. Валерия Гаврилина, 3А","Парнас, 5 мин. пешком","60.073503:30.3336247",TRUE,"Парнас",725.121537587476,2323,"Санкт-Петербург, пос. Парголово, район Выборгский, Заречная ул.","ID:11656509","+7 812 389-69...","новостройка","кирпично-монолитный"," 2017 год",TRUE,"1-комнатная",37,14.6,10.6,19,27,FALSE,TRUE,FALSE,TRUE,"Парнас",5,"пешком",65676,2430000,"http://spb.cian.ru/sale/flat/143132797/",1,1,3,30.3336247,60.073503,30.316215,59.948907,13903.7491424309,2017-09-01,449,FALSE,FALSE,2452681.97534165,0.93,22682,6.725
1743,"ЖК «Северная Долина»","ГлавстройСпб","Строится"," IV квартал 2014 года ",59000,151000,"Санкт-Петербург, пос. Парголово, район Выборгский, ул. Валерия Гаврилина, 3А","Парнас, 5 мин. пешком","60.073503:30.3336247",TRUE,"Парнас",725.121537587476,2323,"Санкт-Петербург, пос. Парголово, район Выборгский, Заречная ул.","ID:11656509","+7 812 389-69...","новостройка","кирпично-монолитный"," 2017 год",TRUE,"1-комнатная",37,14.6,10.5,23,27,FALSE,TRUE,FALSE,TRUE,"Парнас",5,"пешком",65946,2440000,"http://spb.cian.ru/sale/flat/143134129/",1,1,3,30.3336247,60.073503,30.316215,59.948907,13903.7491424309,2017-09-01,449,FALSE,FALSE,2450277.38804006,0.42,10277,6.725
1743,"ЖК «Северная Долина»","ГлавстройСпб","Строится"," IV квартал 2014 года ",59000,151000,"Санкт-Петербург, пос. Парголово, район Выборгский, ул. Валерия Гаврилина, 3А","Парнас, 5 мин. пешком","60.073503:30.3336247",TRUE,"Парнас",725.121537587476,2323,"Санкт-Петербург, пос. Парголово, район Выборгский, Заречная ул.","ID:11656509","+7 812 389-69...","новостройка","кирпично-монолитный"," 2017 год",TRUE,"1-комнатная",37,14.6,10.5,23,27,FALSE,TRUE,FALSE,TRUE,"Парнас",5,"пешком",66216,2450000,"http://spb.cian.ru/sale/flat/143134072/",1,1,3,30.3336247,60.073503,30.316215,59.948907,13903.7491424309,2017-09-01,449,FALSE,FALSE,2450277.38804006,0.01,277,6.725
1743,"ЖК «Северная Долина»","ГлавстройСпб","Строится"," IV квартал 2014 года ",59000,151000,"Санкт-Петербург, пос. Парголово, район Выборгский, ул. Валерия Гаврилина, 3А","Парнас, 5 мин. пешком","60.073503:30.3336247",TRUE,"Парнас",725.121537587476,2323,"Санкт-Петербург, пос. Парголово, район Выборгский, Заречная ул.","ID:11656509","+7 812 389-69...","новостройка","кирпично-монолитный"," 2017 год",TRUE,"1-комнатная",37,14.1,10,23,27,FALSE,TRUE,FALSE,TRUE,"Парнас",5,"пешком",66216,2450000,"http://spb.cian.ru/sale/flat/143130932/",1,1,3,30.3336247,60.073503,30.316215,59.948907,13903.7491424309,2017-09-01,449,FALSE,FALSE,2459539.01502419,0.39,9539,6.725
6252,"ЖК «Шуваловский»","ЛСР. Недвижимость","Строительство верхних этажей"," IV квартал 2016 года ",70000,108000,"Санкт-Петербург, район Приморский, Шуваловский просп.","Комендантский проспект, 10 мин. на машине","60.0081327:30.1999637",TRUE,"Комендантский проспект",3266.7604774124,574,"Санкт-Петербург, район Приморский, Шуваловский просп.","ID:12325973","+7 812 602-90...","новостройка","панельный"," 2017 год",TRUE,"1-комнатная",50,13.6,17.2,1,17,FALSE,TRUE,FALSE,FALSE,"Комендантский проспект",10,"на транспорте",75800,3790000,"http://spb.cian.ru/sale/flat/145073558/",4,1,2,30.1999637,60.0081327,30.316215,59.948907,9240.63055573349,2017-09-01,449,FALSE,TRUE,3978721.90476191,4.98,188722,6.725
6252,"ЖК «Шуваловский»","ЛСР. Недвижимость","Строительство верхних этажей"," IV квартал 2016 года ",70000,108000,"Санкт-Петербург, район Приморский, Шуваловский просп.","Комендантский проспект, 10 мин. на машине","60.0081327:30.1999637",TRUE,"Комендантский проспект",3266.7604774124,574,"Санкт-Петербург, район Приморский, Парашютная ул.","ID:12325973","+7 812 602-90...","новостройка","панельный"," 2016 год",TRUE,"1-комнатная",35,14.4,8.5,11,20,FALSE,TRUE,FALSE,TRUE,"Комендантский проспект",10,"на транспорте",99714,3490000,"http://spb.cian.ru/sale/flat/147073821/",4,1,2,30.1999637,60.0081327,30.316215,59.948907,9240.63055573349,2016-09-01,84,FALSE,FALSE,3541354.55555556,1.47,51355,6.725
6252,"ЖК «Шуваловский»","ЛСР. Недвижимость","Строительство верхних этажей"," IV квартал 2016 года ",70000,108000,"Санкт-Петербург, район Приморский, Шуваловский просп.","Комендантский проспект, 10 мин. на машине","60.0081327:30.1999637",TRUE,"Комендантский проспект",3266.7604774124,574,"Санкт-Петербург, район Приморский, Шуваловский просп.","ID:12325973","+7 812 602-90...","новостройка","панельный"," 2016 год",TRUE,"1-комнатная",35,14.2,8.4,8,20,FALSE,TRUE,TRUE,FALSE,"Комендантский проспект",10,"на транспорте",100000,3500000,"http://spb.cian.ru/sale/flat/145075633/",4,1,2,30.1999637,60.0081327,30.316215,59.948907,9240.63055573349,2016-09-01,84,FALSE,FALSE,3596847.88888889,2.77,96848,6.725
6252,"ЖК «Шуваловский»","ЛСР. Недвижимость","Строительство верхних этажей"," IV квартал 2016 года ",70000,108000,"Санкт-Петербург, район Приморский, Шуваловский просп.","Комендантский проспект, 10 мин. на машине","60.0081327:30.1999637",TRUE,"Комендантский проспект",3266.7604774124,574,"Санкт-Петербург, район Приморский, Парашютная ул.","ID:12325973","+7 812 602-90...","новостройка","панельный"," 2016 год",TRUE,"1-комнатная",35,14.4,8.5,13,20,FALSE,TRUE,FALSE,TRUE,"Комендантский проспект",10,"на транспорте",100000,3500000,"http://spb.cian.ru/sale/flat/145070224/",4,1,2,30.1999637,60.0081327,30.316215,59.948907,9240.63055573349,2016-09-01,84,FALSE,FALSE,3541420.22222222,1.18,41420,6.725
6252,"ЖК «Шуваловский»","ЛСР. Недвижимость","Строительство верхних этажей"," IV квартал 2016 года ",70000,108000,"Санкт-Петербург, район Приморский, Шуваловский просп.","Комендантский проспект, 10 мин. на машине","60.0081327:30.1999637",TRUE,"Комендантский проспект",3266.7604774124,574,"Санкт-Петербург, район Приморский, Шуваловский просп.","ID:12325973","+7 812 602-90...","новостройка","панельный"," 2017 год",TRUE,"1-комнатная",37,17.7,10.1,3,18,FALSE,TRUE,TRUE,FALSE,"Комендантский проспект",10,"на транспорте",85676,3170000,"http://spb.cian.ru/sale/flat/145074243/",4,1,2,30.1999637,60.0081327,30.316215,59.948907,9240.63055573349,2017-09-01,449,FALSE,FALSE,3338604.47619047,5.32,168604,6.725
6252,"ЖК «Шуваловский»","ЛСР. Недвижимость","Строительство верхних этажей"," IV квартал 2016 года ",70000,108000,"Санкт-Петербург, район Приморский, Шуваловский просп.","Комендантский проспект, 10 мин. на машине","60.0081327:30.1999637",TRUE,"Комендантский проспект",3266.7604774124,574,"Санкт-Петербург, район Приморский, Шуваловский просп.","ID:12325973","+7 812 602-90...","новостройка","панельный"," 2017 год",TRUE,"1-комнатная",41,13.5,17.1,1,18,FALSE,TRUE,FALSE,FALSE,"Комендантский проспект",10,"на транспорте",77805,3190000,"http://spb.cian.ru/sale/flat/145074264/",4,1,2,30.1999637,60.0081327,30.316215,59.948907,9240.63055573349,2017-09-01,449,FALSE,TRUE,3231221.57142857,1.29,41222,6.725
6252,"ЖК «Шуваловский»","ЛСР. Недвижимость","Строительство верхних этажей"," IV квартал 2016 года ",70000,108000,"Санкт-Петербург, район Приморский, Шуваловский просп.","Комендантский проспект, 10 мин. на машине","60.0081327:30.1999637",TRUE,"Комендантский проспект",3266.7604774124,574,"Санкт-Петербург, район Приморский, Шуваловский просп.","ID:12325973","+7 812 602-90...","новостройка","панельный"," 2017 год",TRUE,"1-комнатная",41,13.6,17.2,1,18,FALSE,TRUE,FALSE,FALSE,"Комендантский проспект",10,"на транспорте",78293,3210000,"http://spb.cian.ru/sale/flat/145074212/",4,1,2,30.1999637,60.0081327,30.316215,59.948907,9240.63055573349,2017-09-01,449,FALSE,TRUE,3248156.23809524,1.19,38156,6.725
6252,"ЖК «Шуваловский»","ЛСР. Недвижимость","Строительство верхних этажей"," IV квартал 2016 года ",70000,108000,"Санкт-Петербург, район Приморский, Шуваловский просп.","Комендантский проспект, 10 мин. на машине","60.0081327:30.1999637",TRUE,"Комендантский проспект",3266.7604774124,574,"Санкт-Петербург, район Приморский, Парашютная ул.","ID:12325973","+7 812 602-90...","новостройка","панельный"," 2017 год",TRUE,"1-комнатная",35,14.2,8.4,4,25,FALSE,TRUE,FALSE,TRUE,"Комендантский проспект",10,"на транспорте",84000,2940000,"http://spb.cian.ru/sale/flat/146929387/",4,1,2,30.1999637,60.0081327,30.316215,59.948907,9240.63055573349,2017-09-01,449,FALSE,FALSE,2994022.80952381,1.84,54023,6.725
6252,"ЖК «Шуваловский»","ЛСР. Недвижимость","Строительство верхних этажей"," IV квартал 2016 года ",70000,108000,"Санкт-Петербург, район Приморский, Шуваловский просп.","Комендантский проспект, 10 мин. на машине","60.0081327:30.1999637",TRUE,"Комендантский проспект",3266.7604774124,574,"Санкт-Петербург, район Приморский, Парашютная ул.","ID:12325973","+7 812 602-90...","новостройка","панельный"," 2017 год",TRUE,"1-комнатная",35,14.4,8.5,18,25,FALSE,TRUE,FALSE,TRUE,"Комендантский проспект",10,"на транспорте",85143,2980000,"http://spb.cian.ru/sale/flat/145072122/",4,1,2,30.1999637,60.0081327,30.316215,59.948907,9240.63055573349,2017-09-01,449,FALSE,FALSE,3009031.36507937,0.97,29031,6.725
6252,"ЖК «Шуваловский»","ЛСР. Недвижимость","Строительство верхних этажей"," IV квартал 2016 года ",70000,108000,"Санкт-Петербург, район Приморский, Шуваловский просп.","Комендантский проспект, 10 мин. на машине","60.0081327:30.1999637",TRUE,"Комендантский проспект",3266.7604774124,574,"Санкт-Петербург, район Приморский, Парашютная ул.","ID:12325973","+7 812 602-90...","новостройка","панельный"," 2017 год",TRUE,"1-комнатная",35,18.3,9.6,1,25,FALSE,TRUE,FALSE,FALSE,"Комендантский проспект",10,"на транспорте",85429,2990000,"http://spb.cian.ru/sale/flat/146794846/",4,1,2,30.1999637,60.0081327,30.316215,59.948907,9240.63055573349,2017-09-01,449,FALSE,TRUE,3088498.23809524,3.29,98498,6.725
6252,"ЖК «Шуваловский»","ЛСР. Недвижимость","Строительство верхних этажей"," IV квартал 2016 года ",70000,108000,"Санкт-Петербург, район Приморский, Шуваловский просп.","Комендантский проспект, 10 мин. на машине","60.0081327:30.1999637",TRUE,"Комендантский проспект",3266.7604774124,574,"Санкт-Петербург, район Приморский, Парашютная ул.","ID:12325973","+7 812 602-90...","новостройка","панельный"," 2017 год",TRUE,"1-комнатная",36,15.8,8.1,20,25,FALSE,TRUE,FALSE,TRUE,"Комендантский проспект",10,"на транспорте",84167,3030000,"http://spb.cian.ru/sale/flat/145071483/",4,1,2,30.1999637,60.0081327,30.316215,59.948907,9240.63055573349,2017-09-01,449,FALSE,FALSE,3026671.98412698,-0.11,-3328,6.725
6252,"ЖК «Шуваловский»","ЛСР. Недвижимость","Строительство верхних этажей"," IV квартал 2016 года ",70000,108000,"Санкт-Петербург, район Приморский, Шуваловский просп.","Комендантский проспект, 10 мин. на машине","60.0081327:30.1999637",TRUE,"Комендантский проспект",3266.7604774124,574,"Санкт-Петербург, район Приморский, Парашютная ул.","ID:12325973","+7 812 602-90...","новостройка","панельный"," 2017 год",TRUE,"1-комнатная",36,15.8,8.1,23,25,FALSE,TRUE,FALSE,TRUE,"Комендантский проспект",10,"на транспорте",85278,3070000,"http://spb.cian.ru/sale/flat/145072126/",4,1,2,30.1999637,60.0081327,30.316215,59.948907,9240.63055573349,2017-09-01,449,FALSE,FALSE,3045008.98412698,-0.81,-24991,6.725
6252,"ЖК «Шуваловский»","ЛСР. Недвижимость","Строительство верхних этажей"," IV квартал 2016 года ",70000,108000,"Санкт-Петербург, район Приморский, Шуваловский просп.","Комендантский проспект, 10 мин. на машине","60.0081327:30.1999637",TRUE,"Комендантский проспект",3266.7604774124,574,"Санкт-Петербург, район Приморский, Парашютная ул.","ID:12325973","+7 812 602-90...","новостройка","панельный"," 2017 год",TRUE,"1-комнатная",30,11.6,8,1,25,FALSE,TRUE,FALSE,FALSE,"Комендантский проспект",10,"на транспорте",84000,2520000,"http://spb.cian.ru/sale/flat/146022608/",4,1,2,30.1999637,60.0081327,30.316215,59.948907,9240.63055573349,2017-09-01,449,FALSE,TRUE,2745493.80952381,8.95,225494,6.725
6252,"ЖК «Шуваловский»","ЛСР. Недвижимость","Строительство верхних этажей"," IV квартал 2016 года ",70000,108000,"Санкт-Петербург, район Приморский, Шуваловский просп.","Комендантский проспект, 10 мин. на машине","60.0081327:30.1999637",TRUE,"Комендантский проспект",3266.7604774124,574,"Санкт-Петербург, район Приморский, Парашютная ул.","ID:12325973","+7 812 602-90...","новостройка","панельный"," 2017 год",TRUE,"1-комнатная",34,14.4,8.1,19,25,FALSE,TRUE,FALSE,TRUE,"Комендантский проспект",10,"на транспорте",85588,2910000,"http://spb.cian.ru/sale/flat/145071477/",4,1,2,30.1999637,60.0081327,30.316215,59.948907,9240.63055573349,2017-09-01,449,FALSE,FALSE,2963297.6031746,1.83,53298,6.725
6252,"ЖК «Шуваловский»","ЛСР. Недвижимость","Строительство верхних этажей"," IV квартал 2016 года ",70000,108000,"Санкт-Петербург, район Приморский, Шуваловский просп.","Комендантский проспект, 10 мин. на машине","60.0081327:30.1999637",TRUE,"Комендантский проспект",3266.7604774124,574,"Санкт-Петербург, район Приморский, Парашютная ул.","ID:12325973","+7 812 602-90...","новостройка","панельный"," 2017 год",TRUE,"1-комнатная",37,15.8,8.5,22,25,FALSE,TRUE,FALSE,TRUE,"Комендантский проспект",10,"на транспорте",85135,3150000,"http://spb.cian.ru/sale/flat/145072104/",4,1,2,30.1999637,60.0081327,30.316215,59.948907,9240.63055573349,2017-09-01,449,FALSE,FALSE,3103659.98412698,-1.47,-46340,6.725
6252,"ЖК «Шуваловский»","ЛСР. Недвижимость","Строительство верхних этажей"," IV квартал 2016 года ",70000,108000,"Санкт-Петербург, район Приморский, Шуваловский просп.","Комендантский проспект, 10 мин. на машине","60.0081327:30.1999637",TRUE,"Комендантский проспект",3266.7604774124,574,"Санкт-Петербург, район Приморский, Парашютная ул.","ID:12325973","+7 812 602-90...","новостройка","панельный"," 2017 год",TRUE,"1-комнатная",37,15.8,8.5,25,25,FALSE,TRUE,FALSE,TRUE,"Комендантский проспект",10,"на транспорте",84865,3140000,"http://spb.cian.ru/sale/flat/145072140/",4,1,2,30.1999637,60.0081327,30.316215,59.948907,9240.63055573349,2017-09-01,449,TRUE,FALSE,3138066.09523809,-0.06,-1934,6.725
6888,"ЖК «Mistola Hills»","Северный Город","Сдан ГК",NA,71000,117000,"Ленинградская область, Всеволожский район, Бугровское с/пос, д. Мистолово, 9","Парнас, 10 мин. на машине","60.116947:30.417045",TRUE,"Парнас",7228.82327166066,175,"Ленинградская область, Всеволожский район, Бугровское с/пос, д. Мистолово, 9","ID:7835298","+7 812 389-67...","новостройка","кирпично-монолитный"," 2015 год",TRUE,"1-комнатная",39,23.8,8.2,3,4,FALSE,FALSE,FALSE,FALSE,"Парнас",10,"на транспорте",100000,3900000,"http://spb.cian.ru/sale/flat/143299896/",1,1,1,30.417045,60.116947,30.316215,59.948907,19528.2553962042,2015-09-01,0,FALSE,FALSE,3654825.2034632,-6.29,-245175,6.725
6888,"ЖК «Mistola Hills»","Северный Город","Сдан ГК",NA,71000,117000,"Ленинградская область, Всеволожский район, Бугровское с/пос, д. Мистолово, 9","Парнас, 10 мин. на машине","60.116947:30.417045",TRUE,"Парнас",7228.82327166066,175,"Ленинградская область, Всеволожский район, Бугровское с/пос, д. Мистолово, 9","ID:7835298","+7 812 389-67...","новостройка","кирпично-монолитный"," 2015 год",TRUE,"1-комнатная",35,17.1,9.7,4,4,FALSE,FALSE,FALSE,FALSE,"Парнас",10,"на транспорте",112000,3920000,"http://spb.cian.ru/sale/flat/147045114/",1,1,1,30.417045,60.116947,30.316215,59.948907,19528.2553962042,2015-09-01,0,TRUE,FALSE,3794031.33333333,-3.21,-125969,6.725
6888,"ЖК «Mistola Hills»","Северный Город","Сдан ГК",NA,71000,117000,"Ленинградская область, Всеволожский район, Бугровское с/пос, д. Мистолово, 9","Парнас, 10 мин. на машине","60.116947:30.417045",TRUE,"Парнас",7228.82327166066,175,"Ленинградская область, Всеволожский район, Бугровское с/пос, д. Мистолово, 9","ID:7835298","+7 812 389-67...","новостройка","кирпично-монолитный"," 2015 год",TRUE,"1-комнатная",54,23.1,10.1,1,4,FALSE,FALSE,TRUE,FALSE,"Парнас",10,"на транспорте",82593,4460000,"http://spb.cian.ru/sale/flat/143299915/",1,1,1,30.417045,60.116947,30.316215,59.948907,19528.2553962042,2015-09-01,0,FALSE,TRUE,4463848.5,0.09,3848,6.725
6888,"ЖК «Mistola Hills»","Северный Город","Сдан ГК",NA,71000,117000,"Ленинградская область, Всеволожский район, Бугровское с/пос, д. Мистолово, 9","Парнас, 10 мин. на машине","60.116947:30.417045",TRUE,"Парнас",7228.82327166066,175,"Ленинградская область, Всеволожский район, Бугровское с/пос, д. Мистолово, 9","ID:7835298","+7 812 389-67...","новостройка","кирпично-монолитный"," 2015 год",TRUE,"1-комнатная",54,22.7,10.1,1,4,FALSE,FALSE,TRUE,FALSE,"Парнас",10,"на транспорте",84444,4560000,"http://spb.cian.ru/sale/flat/143299927/",1,1,1,30.417045,60.116947,30.316215,59.948907,19528.2553962042,2015-09-01,0,FALSE,TRUE,4492907.5,-1.47,-67092,6.725
6888,"ЖК «Mistola Hills»","Северный Город","Сдан ГК",NA,71000,117000,"Ленинградская область, Всеволожский район, Бугровское с/пос, д. Мистолово, 9","Парнас, 10 мин. на машине","60.116947:30.417045",TRUE,"Парнас",7228.82327166066,175,"Ленинградская область, Всеволожский район, Бугровское с/пос, д. Мистолово, 9","ID:7835298","+7 812 389-67...","новостройка","кирпично-монолитный"," 2015 год",TRUE,"1-комнатная",43,18.5,12.2,1,4,FALSE,FALSE,FALSE,TRUE,"Парнас",10,"на транспорте",106279,4570000,"http://spb.cian.ru/sale/flat/143299857/",1,1,1,30.417045,60.116947,30.316215,59.948907,19528.2553962042,2015-09-01,0,FALSE,TRUE,4528248.83333333,-0.91,-41751,6.725
6888,"ЖК «Mistola Hills»","Северный Город","Сдан ГК",NA,71000,117000,"Ленинградская область, Всеволожский район, Бугровское с/пос, д. Мистолово, 9","Парнас, 10 мин. на машине","60.116947:30.417045",TRUE,"Парнас",7228.82327166066,175,"Ленинградская область, Всеволожский район, Бугровское с/пос, д. Мистолово, 9","ID:7835298","+7 812 389-67...","новостройка","кирпично-монолитный"," 2015 год",TRUE,"1-комнатная",40,23.9,9.8,1,4,FALSE,FALSE,TRUE,FALSE,"Парнас",10,"на транспорте",94250,3770000,"http://spb.cian.ru/sale/flat/143299893/",1,1,1,30.417045,60.116947,30.316215,59.948907,19528.2553962042,2015-09-01,0,FALSE,TRUE,3806142.44444444,0.96,36142,6.725
6888,"ЖК «Mistola Hills»","Северный Город","Сдан ГК",NA,71000,117000,"Ленинградская область, Всеволожский район, Бугровское с/пос, д. Мистолово, 9","Парнас, 10 мин. на машине","60.116947:30.417045",TRUE,"Парнас",7228.82327166066,175,"Ленинградская область, Всеволожский район, Бугровское с/пос, д. Мистолово, 9","ID:7835298","+7 812 389-67...","новостройка","кирпично-монолитный"," 2015 год",TRUE,"1-комнатная",35,17.2,9.3,3,4,FALSE,FALSE,FALSE,FALSE,"Парнас",10,"на транспорте",99714,3490000,"http://spb.cian.ru/sale/flat/143299886/",1,1,1,30.417045,60.116947,30.316215,59.948907,19528.2553962042,2015-09-01,0,FALSE,FALSE,3597196.72727273,3.07,107197,6.725
6888,"ЖК «Mistola Hills»","Северный Город","Сдан ГК",NA,71000,117000,"Ленинградская область, Всеволожский район, Бугровское с/пос, д. Мистолово, 9","Парнас, 10 мин. на машине","60.116947:30.417045",TRUE,"Парнас",7228.82327166066,175,"Ленинградская область, Всеволожский район, Бугровское с/пос, д. Мистолово, 9","ID:7835298","+7 812 389-67...","новостройка","кирпично-монолитный"," 2015 год",TRUE,"1-комнатная",40,23.1,9.9,3,4,FALSE,FALSE,TRUE,FALSE,"Парнас",10,"на транспорте",87500,3500000,"http://spb.cian.ru/sale/flat/147045166/",1,1,1,30.417045,60.116947,30.316215,59.948907,19528.2553962042,2015-09-01,0,FALSE,FALSE,3690036.12409812,5.43,190036,6.725
6888,"ЖК «Mistola Hills»","Северный Город","Сдан ГК",NA,71000,117000,"Ленинградская область, Всеволожский район, Бугровское с/пос, д. Мистолово, 9","Парнас, 10 мин. на машине","60.116947:30.417045",TRUE,"Парнас",7228.82327166066,175,"Ленинградская область, Всеволожский район, Бугровское с/пос, д. Мистолово, 9","ID:7835298","+7 812 389-67...","новостройка","кирпично-монолитный"," 2015 год",TRUE,"1-комнатная",35,17.2,9.4,3,4,FALSE,FALSE,FALSE,FALSE,"Парнас",10,"на транспорте",100286,3510000,"http://spb.cian.ru/sale/flat/143299883/",1,1,1,30.417045,60.116947,30.316215,59.948907,19528.2553962042,2015-09-01,0,FALSE,FALSE,3597764.72727273,2.5,87765,6.725
6888,"ЖК «Mistola Hills»","Северный Город","Сдан ГК",NA,71000,117000,"Ленинградская область, Всеволожский район, Бугровское с/пос, д. Мистолово, 9","Парнас, 10 мин. на машине","60.116947:30.417045",TRUE,"Парнас",7228.82327166066,175,"Ленинградская область, Всеволожский район, Бугровское с/пос, д. Мистолово, 9","ID:7835298","+7 812 389-67...","новостройка","кирпично-монолитный"," 2015 год",TRUE,"1-комнатная",40,23.1,9.8,3,4,FALSE,FALSE,TRUE,FALSE,"Парнас",10,"на транспорте",89750,3590000,"http://spb.cian.ru/sale/flat/147045162/",1,1,1,30.417045,60.116947,30.316215,59.948907,19528.2553962042,2015-09-01,0,FALSE,FALSE,3692383.45743146,2.85,102383,6.725
6888,"ЖК «Mistola Hills»","Северный Город","Сдан ГК",NA,71000,117000,"Ленинградская область, Всеволожский район, Бугровское с/пос, д. Мистолово, 9","Парнас, 10 мин. на машине","60.116947:30.417045",TRUE,"Парнас",7228.82327166066,175,"Ленинградская область, Всеволожский район, Бугровское с/пос, д. Мистолово, 9","ID:7835298","+7 812 389-67...","новостройка","кирпично-монолитный"," 2015 год",TRUE,"1-комнатная",38,17.4,10.8,1,4,FALSE,FALSE,FALSE,TRUE,"Парнас",10,"на транспорте",101316,3850000,"http://spb.cian.ru/sale/flat/143299880/",1,1,1,30.417045,60.116947,30.316215,59.948907,19528.2553962042,2015-09-01,0,FALSE,TRUE,3934714.33333333,2.2,84714,6.725
6969,"ЖК «Московские ворота»","ЛенСпецСМУ","Строится",NA,86000,154000,"Санкт-Петербург, район Московский, Московский просп., 115","Московские ворота, 5 мин. пешком","59.8885882:30.3188012",TRUE,"Московские ворота",359.951886646122,1083,"Санкт-Петербург, район Московский, Московский просп., 115","ID:11432131","+7 812 389-69...","новостройка","кирпично-монолитный"," 2016 год",TRUE,"1-комнатная",30,19.1,1,10,12,FALSE,FALSE,TRUE,FALSE,"Московские ворота",6,"пешком",148667,4460000,"http://spb.cian.ru/sale/flat/50196640/",1,1,3,30.3188012,59.8885882,30.316215,59.948907,6716.20846000983,2016-09-01,84,FALSE,FALSE,4451178.11904762,-0.2,-8822,6.725
6969,"ЖК «Московские ворота»","ЛенСпецСМУ","Строится",NA,86000,154000,"Санкт-Петербург, район Московский, Московский просп., 115","Московские ворота, 5 мин. пешком","59.8885882:30.3188012",TRUE,"Московские ворота",359.951886646122,1083,"Санкт-Петербург, район Московский, Московский просп., 115","ID:11432131","+7 812 389-69...","новостройка","кирпично-монолитный"," 2016 год",TRUE,"1-комнатная",30,19.1,1,11,12,FALSE,FALSE,TRUE,FALSE,"Московские ворота",6,"пешком",150333,4510000,"http://spb.cian.ru/sale/flat/50196787/",1,1,3,30.3188012,59.8885882,30.316215,59.948907,6716.20846000983,2016-09-01,84,FALSE,FALSE,4470246.78571429,-0.88,-39753,6.725
6969,"ЖК «Московские ворота»","ЛенСпецСМУ","Строится",NA,86000,154000,"Санкт-Петербург, район Московский, Московский просп., 115","Московские ворота, 5 мин. пешком","59.8885882:30.3188012",TRUE,"Московские ворота",359.951886646122,1083,"Санкт-Петербург, район Московский, Московский просп., 115","ID:11432131","+7 812 389-69...","новостройка","кирпично-монолитный"," 2016 год",TRUE,"1-комнатная",29,19.2,1,10,12,FALSE,FALSE,TRUE,FALSE,"Московские ворота",6,"пешком",149655,4340000,"http://spb.cian.ru/sale/flat/50196634/",1,1,3,30.3188012,59.8885882,30.316215,59.948907,6716.20846000983,2016-09-01,84,FALSE,FALSE,4395299.3015873,1.27,55299,6.725
6969,"ЖК «Московские ворота»","ЛенСпецСМУ","Строится",NA,86000,154000,"Санкт-Петербург, район Московский, Московский просп., 115","Московские ворота, 5 мин. пешком","59.8885882:30.3188012",TRUE,"Московские ворота",359.951886646122,1083,"Санкт-Петербург, район Московский, Московский просп., 115","ID:11432131","+7 812 389-69...","новостройка","кирпично-монолитный"," 2016 год",TRUE,"1-комнатная",30,19.1,1,12,12,FALSE,FALSE,TRUE,FALSE,"Московские ворота",6,"пешком",152333,4570000,"http://spb.cian.ru/sale/flat/50196643/",1,1,3,30.3188012,59.8885882,30.316215,59.948907,6716.20846000983,2016-09-01,84,TRUE,FALSE,4477583.78571429,-2.02,-92416,6.725
6969,"ЖК «Московские ворота»","ЛенСпецСМУ","Строится",NA,86000,154000,"Санкт-Петербург, район Московский, Московский просп., 115","Московские ворота, 5 мин. пешком","59.8885882:30.3188012",TRUE,"Московские ворота",359.951886646122,1083,"Санкт-Петербург, район Московский, Московский просп., 115","ID:11432131","+7 812 389-69...","новостройка","кирпично-монолитный"," 2016 год",TRUE,"1-комнатная",52,19.9,19.6,9,12,FALSE,FALSE,TRUE,FALSE,"Московские ворота",6,"пешком",123654,6430000,"http://spb.cian.ru/sale/flat/50196739/",1,1,3,30.3188012,59.8885882,30.316215,59.948907,6716.20846000983,2016-09-01,84,FALSE,FALSE,6267092.33333334,-2.53,-162908,6.725
6969,"ЖК «Московские ворота»","ЛенСпецСМУ","Строится",NA,86000,154000,"Санкт-Петербург, район Московский, Московский просп., 115","Московские ворота, 5 мин. пешком","59.8885882:30.3188012",TRUE,"Московские ворота",359.951886646122,1083,"Санкт-Петербург, район Московский, Московский просп., 115","ID:11432131","+7 812 389-69...","новостройка","кирпично-монолитный"," 2016 год",TRUE,"1-комнатная",29,19.3,1,12,12,FALSE,FALSE,TRUE,FALSE,"Московские ворота",6,"пешком",151379,4390000,"http://spb.cian.ru/sale/flat/50196646/",1,1,3,30.3188012,59.8885882,30.316215,59.948907,6716.20846000983,2016-09-01,84,TRUE,FALSE,4411703.63492063,0.49,21704,6.725
6969,"ЖК «Московские ворота»","ЛенСпецСМУ","Строится",NA,86000,154000,"Санкт-Петербург, район Московский, Московский просп., 115","Московские ворота, 5 мин. пешком","59.8885882:30.3188012",TRUE,"Московские ворота",359.951886646122,1083,"Санкт-Петербург, район Московский, Московский просп., 115","ID:11432131","+7 812 389-69...","новостройка","кирпично-монолитный"," 2016 год",TRUE,"1-комнатная",29,19.3,1,9,12,FALSE,FALSE,TRUE,FALSE,"Московские ворота",6,"пешком",145517,4220000,"http://spb.cian.ru/sale/flat/50196778/",1,1,3,30.3188012,59.8885882,30.316215,59.948907,6716.20846000983,2016-09-01,84,FALSE,FALSE,4387560.3015873,3.97,167560,6.725
7047,"ЖК «Stockholm»","SetlCity","Строится",NA,122000,423000,"Санкт-Петербург, район Приморский, Приморский просп., 44","Старая Деревня, 20 мин. пешком","59.9831681:30.2470847",TRUE,"Старая Деревня",829.888255219115,158,"Санкт-Петербург, район Приморский, Приморский просп., 44","ID:11432131","+7 812 389-69...","новостройка","кирпично-монолитный"," 2017 год",TRUE,"1-комнатная",47,18.4,11.8,4,7,FALSE,FALSE,FALSE,TRUE,"Старая Деревня",13,"пешком",180851,8500000,"http://spb.cian.ru/sale/flat/50193913/",1,1,3,30.2470847,59.9831681,30.316215,59.948907,5420.5004888528,2017-09-01,449,FALSE,FALSE,8128280.66666667,-4.37,-371719,6.725
7047,"ЖК «Stockholm»","SetlCity","Строится",NA,122000,423000,"Санкт-Петербург, район Приморский, Приморский просп., 44","Старая Деревня, 20 мин. пешком","59.9831681:30.2470847",TRUE,"Старая Деревня",829.888255219115,158,"Санкт-Петербург, район Приморский, Приморский просп., 44","ID:11432131","+7 812 389-69...","новостройка","кирпично-монолитный"," 2017 год",TRUE,"1-комнатная",47,18.4,11.8,4,7,FALSE,FALSE,FALSE,TRUE,"Старая Деревня",13,"пешком",180851,8500000,"http://spb.cian.ru/sale/flat/50193922/",1,1,3,30.2470847,59.9831681,30.316215,59.948907,5420.5004888528,2017-09-01,449,FALSE,FALSE,8128280.66666667,-4.37,-371719,6.725
7047,"ЖК «Stockholm»","SetlCity","Строится",NA,122000,423000,"Санкт-Петербург, район Приморский, Приморский просп., 44","Старая Деревня, 20 мин. пешком","59.9831681:30.2470847",TRUE,"Старая Деревня",829.888255219115,158,"Санкт-Петербург, район Приморский, Приморский просп., 44","ID:11432131","+7 812 389-69...","новостройка","кирпично-монолитный"," 2017 год",TRUE,"1-комнатная",42,17.6,12,4,7,FALSE,FALSE,TRUE,FALSE,"Старая Деревня",13,"пешком",181905,7640000,"http://spb.cian.ru/sale/flat/50193928/",1,1,3,30.2470847,59.9831681,30.316215,59.948907,5420.5004888528,2017-09-01,449,FALSE,FALSE,7143355.66666666,-6.5,-496644,6.725
7199,"ЖК «Fjord»","ЮИТ Лентек","Строится",NA,114000,213000,"Санкт-Петербург, район Василеостровский, просп. Малый В.О., 52Б","Василеостровская, 10 мин. на машине","59.942605:30.259775",TRUE,"Василеостровская",1030.32562763549,441,"Санкт-Петербург, район Василеостровский, просп. Малый В.О., 52Б","ID:11432131","+7 812 389-69...","новостройка","кирпично-монолитный"," 2017 год",TRUE,"1-комнатная",45,13.2,7.5,5,8,FALSE,FALSE,TRUE,FALSE,"Приморская",2,"на транспорте",139111,6260000,"http://spb.cian.ru/sale/flat/51741514/",1,1,3,30.259775,59.942605,30.316215,59.948907,3223.84154450668,2017-09-01,449,FALSE,FALSE,6179829.88888889,-1.28,-80170,6.725
7199,"ЖК «Fjord»","ЮИТ Лентек","Строится",NA,114000,213000,"Санкт-Петербург, район Василеостровский, просп. Малый В.О., 52Б","Василеостровская, 10 мин. на машине","59.942605:30.259775",TRUE,"Василеостровская",1030.32562763549,441,"Санкт-Петербург, район Василеостровский, просп. Малый В.О., 52Б","ID:11432131","+7 812 389-69...","новостройка","кирпично-монолитный"," 2017 год",TRUE,"1-комнатная",40,16.5,10.1,9,9,FALSE,FALSE,TRUE,FALSE,"Приморская",2,"на транспорте",150250,6010000,"http://spb.cian.ru/sale/flat/51741359/",1,1,3,30.259775,59.942605,30.316215,59.948907,3223.84154450668,2017-09-01,449,TRUE,FALSE,5375974.12820513,-10.55,-634026,6.725
7199,"ЖК «Fjord»","ЮИТ Лентек","Строится",NA,114000,213000,"Санкт-Петербург, район Василеостровский, просп. Малый В.О., 52Б","Василеостровская, 10 мин. на машине","59.942605:30.259775",TRUE,"Василеостровская",1030.32562763549,441,"Санкт-Петербург, район Василеостровский, просп. Малый В.О., 52Б","ID:11432131","+7 812 389-69...","новостройка","кирпично-монолитный"," 2017 год",TRUE,"1-комнатная",42,15.8,6,8,9,FALSE,FALSE,TRUE,FALSE,"Приморская",2,"на транспорте",145000,6090000,"http://spb.cian.ru/sale/flat/136582499/",1,1,3,30.259775,59.942605,30.316215,59.948907,3223.84154450668,2017-09-01,449,FALSE,FALSE,5863491.22222222,-3.72,-226509,6.725
7199,"ЖК «Fjord»","ЮИТ Лентек","Строится",NA,114000,213000,"Санкт-Петербург, район Василеостровский, просп. Малый В.О., 52Б","Василеостровская, 10 мин. на машине","59.942605:30.259775",TRUE,"Василеостровская",1030.32562763549,441,"Санкт-Петербург, район Василеостровский, просп. Малый В.О., 52Б","ID:11432131","+7 812 389-69...","новостройка","кирпично-монолитный"," 2017 год",TRUE,"1-комнатная",44,24,10.3,5,8,FALSE,FALSE,TRUE,FALSE,"Приморская",2,"на транспорте",157955,6950000,"http://spb.cian.ru/sale/flat/136582484/",1,1,3,30.259775,59.942605,30.316215,59.948907,3223.84154450668,2017-09-01,449,FALSE,FALSE,6767673.55555556,-2.62,-182326,6.725
7199,"ЖК «Fjord»","ЮИТ Лентек","Строится",NA,114000,213000,"Санкт-Петербург, район Василеостровский, просп. Малый В.О., 52Б","Василеостровская, 10 мин. на машине","59.942605:30.259775",TRUE,"Василеостровская",1030.32562763549,441,"Санкт-Петербург, район Василеостровский, просп. Малый В.О., 52Б","ID:11432131","+7 812 389-69...","новостройка","кирпично-монолитный"," 2017 год",TRUE,"1-комнатная",26,10.7,6.3,4,8,FALSE,FALSE,FALSE,FALSE,"Приморская",2,"на транспорте",152308,3960000,"http://spb.cian.ru/sale/flat/51741299/",1,1,3,30.259775,59.942605,30.316215,59.948907,3223.84154450668,2017-09-01,449,FALSE,FALSE,4122391.85714286,4.1,162392,6.725
7199,"ЖК «Fjord»","ЮИТ Лентек","Строится",NA,114000,213000,"Санкт-Петербург, район Василеостровский, просп. Малый В.О., 52Б","Василеостровская, 10 мин. на машине","59.942605:30.259775",TRUE,"Василеостровская",1030.32562763549,441,"Санкт-Петербург, район Василеостровский, просп. Малый В.О., 52Б","ID:11432131","+7 812 389-69...","новостройка","кирпично-монолитный"," 2017 год",TRUE,"1-комнатная",25,10,6.6,4,9,FALSE,FALSE,TRUE,FALSE,"Приморская",2,"на транспорте",160400,4010000,"http://spb.cian.ru/sale/flat/51741764/",1,1,3,30.259775,59.942605,30.316215,59.948907,3223.84154450668,2017-09-01,449,FALSE,FALSE,4185094.52380952,4.37,175095,6.725
7199,"ЖК «Fjord»","ЮИТ Лентек","Строится",NA,114000,213000,"Санкт-Петербург, район Василеостровский, просп. Малый В.О., 52Б","Василеостровская, 10 мин. на машине","59.942605:30.259775",TRUE,"Василеостровская",1030.32562763549,441,"Санкт-Петербург, район Василеостровский, просп. Малый В.О., 52Б","ID:11432131","+7 812 389-69...","новостройка","кирпично-монолитный"," 2017 год",TRUE,"1-комнатная",32,14.2,8.6,9,9,FALSE,FALSE,TRUE,FALSE,"Приморская",2,"на транспорте",161875,5180000,"http://spb.cian.ru/sale/flat/51741304/",1,1,3,30.259775,59.942605,30.316215,59.948907,3223.84154450668,2017-09-01,449,TRUE,FALSE,5034147.79487179,-2.82,-145852,6.725
7199,"ЖК «Fjord»","ЮИТ Лентек","Строится",NA,114000,213000,"Санкт-Петербург, район Василеостровский, просп. Малый В.О., 52Б","Василеостровская, 10 мин. на машине","59.942605:30.259775",TRUE,"Василеостровская",1030.32562763549,441,"Санкт-Петербург, район Василеостровский, просп. Малый В.О., 52Б","ID:11432131","+7 812 389-69...","новостройка","кирпично-монолитный"," 2017 год",TRUE,"1-комнатная",41,18,6.9,5,9,FALSE,FALSE,TRUE,FALSE,"Приморская",2,"на транспорте",140976,5780000,"http://spb.cian.ru/sale/flat/51741374/",1,1,3,30.259775,59.942605,30.316215,59.948907,3223.84154450668,2017-09-01,449,FALSE,FALSE,5397350.01709402,-6.62,-382650,6.725
7199,"ЖК «Fjord»","ЮИТ Лентек","Строится",NA,114000,213000,"Санкт-Петербург, район Василеостровский, просп. Малый В.О., 52Б","Василеостровская, 10 мин. на машине","59.942605:30.259775",TRUE,"Василеостровская",1030.32562763549,441,"Санкт-Петербург, район Василеостровский, просп. Малый В.О., 52Б","ID:11432131","+7 812 389-69...","новостройка","кирпично-монолитный"," 2017 год",TRUE,"1-комнатная",40,17.3,11.4,7,8,FALSE,FALSE,TRUE,FALSE,"Приморская",2,"на транспорте",145500,5820000,"http://spb.cian.ru/sale/flat/51741349/",1,1,3,30.259775,59.942605,30.316215,59.948907,3223.84154450668,2017-09-01,449,FALSE,FALSE,5634211.12820513,-3.19,-185789,6.725
7199,"ЖК «Fjord»","ЮИТ Лентек","Строится",NA,114000,213000,"Санкт-Петербург, район Василеостровский, просп. Малый В.О., 52Б","Василеостровская, 10 мин. на машине","59.942605:30.259775",TRUE,"Василеостровская",1030.32562763549,441,"Санкт-Петербург, район Василеостровский, просп. Малый В.О., 52Б","ID:11432131","+7 812 389-69...","новостройка","кирпично-монолитный"," 2017 год",TRUE,"1-комнатная",43,18,6.9,4,9,FALSE,FALSE,TRUE,FALSE,"Приморская",2,"на транспорте",138140,5940000,"http://spb.cian.ru/sale/flat/136582469/",1,1,3,30.259775,59.942605,30.316215,59.948907,3223.84154450668,2017-09-01,449,FALSE,FALSE,6128458.22222222,3.17,188458,6.725
7199,"ЖК «Fjord»","ЮИТ Лентек","Строится",NA,114000,213000,"Санкт-Петербург, район Василеостровский, просп. Малый В.О., 52Б","Василеостровская, 10 мин. на машине","59.942605:30.259775",TRUE,"Василеостровская",1030.32562763549,441,"Санкт-Петербург, район Василеостровский, просп. Малый В.О., 52Б","ID:11432131","+7 812 389-69...","новостройка","кирпично-монолитный"," 2017 год",TRUE,"1-комнатная",45,13.1,7.5,4,9,FALSE,FALSE,TRUE,FALSE,"Приморская",2,"на транспорте",137333,6180000,"http://spb.cian.ru/sale/flat/51741604/",1,1,3,30.259775,59.942605,30.316215,59.948907,3223.84154450668,2017-09-01,449,FALSE,FALSE,6112998.22222222,-1.08,-67002,6.725
7199,"ЖК «Fjord»","ЮИТ Лентек","Строится",NA,114000,213000,"Санкт-Петербург, район Василеостровский, просп. Малый В.О., 52Б","Василеостровская, 10 мин. на машине","59.942605:30.259775",TRUE,"Василеостровская",1030.32562763549,441,"Санкт-Петербург, район Василеостровский, просп. Малый В.О., 52Б","ID:11432131","+7 812 389-69...","новостройка","кирпично-монолитный"," 2017 год",TRUE,"1-комнатная",44,18.8,12.6,5,9,FALSE,FALSE,FALSE,TRUE,"Приморская",2,"на транспорте",157273,6920000,"http://spb.cian.ru/sale/flat/51741734/",1,1,3,30.259775,59.942605,30.316215,59.948907,3223.84154450668,2017-09-01,449,FALSE,FALSE,7062650.66666667,2.06,142651,6.725
7199,"ЖК «Fjord»","ЮИТ Лентек","Строится",NA,114000,213000,"Санкт-Петербург, район Василеостровский, просп. Малый В.О., 52Б","Василеостровская, 10 мин. на машине","59.942605:30.259775",TRUE,"Василеостровская",1030.32562763549,441,"Санкт-Петербург, район Василеостровский, просп. Малый В.О., 52Б","ID:11432131","+7 812 389-69...","новостройка","кирпично-монолитный"," 2017 год",TRUE,"1-комнатная",55,23.2,14,2,8,FALSE,FALSE,TRUE,FALSE,"Приморская",2,"на транспорте",131455,7230000,"http://spb.cian.ru/sale/flat/51741539/",1,1,3,30.259775,59.942605,30.316215,59.948907,3223.84154450668,2017-09-01,449,FALSE,FALSE,7287525,0.8,57525,6.725
7199,"ЖК «Fjord»","ЮИТ Лентек","Строится",NA,114000,213000,"Санкт-Петербург, район Василеостровский, просп. Малый В.О., 52Б","Василеостровская, 10 мин. на машине","59.942605:30.259775",TRUE,"Василеостровская",1030.32562763549,441,"Санкт-Петербург, район Василеостровский, просп. Малый В.О., 52Б","ID:11432131","+7 812 389-69...","новостройка","кирпично-монолитный"," 2017 год",TRUE,"1-комнатная",54,23.2,13.7,5,9,FALSE,FALSE,TRUE,FALSE,"Приморская",2,"на транспорте",146852,7930000,"http://spb.cian.ru/sale/flat/51741754/",1,1,3,30.259775,59.942605,30.316215,59.948907,3223.84154450668,2017-09-01,449,FALSE,FALSE,7468831.33333333,-5.82,-461169,6.725
7199,"ЖК «Fjord»","ЮИТ Лентек","Строится",NA,114000,213000,"Санкт-Петербург, район Василеостровский, просп. Малый В.О., 52Б","Василеостровская, 10 мин. на машине","59.942605:30.259775",TRUE,"Василеостровская",1030.32562763549,441,"Санкт-Петербург, район Василеостровский, просп. Малый В.О., 52Б","ID:11432131","+7 812 389-69...","новостройка","кирпично-монолитный"," 2017 год",TRUE,"1-комнатная",23,9.9,7.2,7,9,FALSE,FALSE,TRUE,FALSE,"Приморская",2,"на транспорте",170435,3920000,"http://spb.cian.ru/sale/flat/136582464/",1,1,3,30.259775,59.942605,30.316215,59.948907,3223.84154450668,2017-09-01,449,FALSE,FALSE,4195598.85714286,7.03,275599,6.725
7199,"ЖК «Fjord»","ЮИТ Лентек","Строится",NA,114000,213000,"Санкт-Петербург, район Василеостровский, просп. Малый В.О., 52Б","Василеостровская, 10 мин. на машине","59.942605:30.259775",TRUE,"Василеостровская",1030.32562763549,441,"Санкт-Петербург, район Василеостровский, просп. Малый В.О., 52Б","ID:11432131","+7 812 389-69...","новостройка","кирпично-монолитный"," 2017 год",TRUE,"1-комнатная",25,10,6.6,7,8,FALSE,FALSE,TRUE,FALSE,"Приморская",2,"на транспорте",165600,4140000,"http://spb.cian.ru/sale/flat/51741289/",1,1,3,30.259775,59.942605,30.316215,59.948907,3223.84154450668,2017-09-01,449,FALSE,FALSE,4214163.19047619,1.79,74163,6.725
7199,"ЖК «Fjord»","ЮИТ Лентек","Строится",NA,114000,213000,"Санкт-Петербург, район Василеостровский, просп. Малый В.О., 52Б","Василеостровская, 10 мин. на машине","59.942605:30.259775",TRUE,"Василеостровская",1030.32562763549,441,"Санкт-Петербург, район Василеостровский, просп. Малый В.О., 52Б","ID:11432131","+7 812 389-69...","новостройка","кирпично-монолитный"," 2017 год",TRUE,"1-комнатная",39,15.4,16.1,5,9,FALSE,FALSE,TRUE,FALSE,"Приморская",2,"на транспорте",143846,5610000,"http://spb.cian.ru/sale/flat/136582474/",1,1,3,30.259775,59.942605,30.316215,59.948907,3223.84154450668,2017-09-01,449,FALSE,FALSE,5664038.33333333,0.96,54038,6.725
7199,"ЖК «Fjord»","ЮИТ Лентек","Строится",NA,114000,213000,"Санкт-Петербург, район Василеостровский, просп. Малый В.О., 52Б","Василеостровская, 10 мин. на машине","59.942605:30.259775",TRUE,"Василеостровская",1030.32562763549,441,"Санкт-Петербург, район Василеостровский, просп. Малый В.О., 52Б","ID:11432131","+7 812 389-69...","новостройка","кирпично-монолитный"," 2017 год",TRUE,"1-комнатная",37,14.8,12.4,6,9,FALSE,FALSE,TRUE,FALSE,"Приморская",2,"на транспорте",151892,5620000,"http://spb.cian.ru/sale/flat/51741329/",1,1,3,30.259775,59.942605,30.316215,59.948907,3223.84154450668,2017-09-01,449,FALSE,FALSE,5614115.66666667,-0.1,-5884,6.725
7199,"ЖК «Fjord»","ЮИТ Лентек","Строится",NA,114000,213000,"Санкт-Петербург, район Василеостровский, просп. Малый В.О., 52Б","Василеостровская, 10 мин. на машине","59.942605:30.259775",TRUE,"Василеостровская",1030.32562763549,441,"Санкт-Петербург, район Василеостровский, просп. Малый В.О., 52Б","ID:11432131","+7 812 389-69...","новостройка","кирпично-монолитный"," 2017 год",TRUE,"1-комнатная",36,15.2,12.3,9,9,FALSE,FALSE,TRUE,FALSE,"Приморская",2,"на транспорте",156667,5640000,"http://spb.cian.ru/sale/flat/51741314/",1,1,3,30.259775,59.942605,30.316215,59.948907,3223.84154450668,2017-09-01,449,TRUE,FALSE,5568443.33333333,-1.27,-71557,6.725
7209,"ЖК «Дом на Школьной»","Полис Групп","Сдан ГК",NA,102000,128000,"Санкт-Петербург, пос. Шушары, район Пушкинский, Первомайская ул., 8","Купчино, 10 мин. на машине","59.8077726:30.3818358",TRUE,"Купчино",2473.8957754091,2,"Санкт-Петербург, пос. Шушары, район Пушкинский, Первомайская ул., 8","ID:7154194","+7 812 389-67...","новостройка","кирпично-монолитный"," 2014 год",TRUE,"1-комнатная",36,13.9,9.7,10,18,FALSE,TRUE,TRUE,FALSE,"Купчино",10,"на транспорте",126667,4560000,"http://spb.cian.ru/sale/flat/46912782/",1,1,1,30.3818358,59.8077726,30.316215,59.948907,16133.0187525867,2014-09-01,0,FALSE,FALSE,4230902.66666667,-7.22,-329097,6.725
7339,"ЖК «Золотое время»","ЦДС","Строится",NA,96000,134000,"Санкт-Петербург, район Кировский, Севастопольская ул., 24","Нарвская, 15 мин. пешком","59.8923769:30.2669066",TRUE,"Нарвская",1080.83499375089,60,"Санкт-Петербург, район Кировский, Севастопольская ул., 24","ID:10104712","+7 812 389-69...","новостройка","кирпично-монолитный"," 2016 год",TRUE,"1-комнатная",42,16.2,14.3,9,10,FALSE,TRUE,TRUE,FALSE,"Нарвская",15,"пешком",118095,4960000,"http://spb.cian.ru/sale/flat/141439143/",1,1,3,30.2669066,59.8923769,30.316215,59.948907,6867.97049132949,2016-09-01,84,FALSE,FALSE,5143766.33333333,3.7,183766,6.725
7339,"ЖК «Золотое время»","ЦДС","Строится",NA,96000,134000,"Санкт-Петербург, район Кировский, Севастопольская ул., 24","Нарвская, 15 мин. пешком","59.8923769:30.2669066",TRUE,"Нарвская",1080.83499375089,60,"Санкт-Петербург, район Кировский, Севастопольская ул., 24","ID:10104712","+7 812 389-69...","новостройка","кирпично-монолитный"," 2016 год",TRUE,"1-комнатная",52,18.1,11.8,2,10,FALSE,TRUE,FALSE,FALSE,"Нарвская",15,"пешком",96923,5040000,"http://spb.cian.ru/sale/flat/141439147/",1,1,3,30.2669066,59.8923769,30.316215,59.948907,6867.97049132949,2016-09-01,84,FALSE,FALSE,5562180.33333333,10.36,522180,6.725
7339,"ЖК «Золотое время»","ЦДС","Строится",NA,96000,134000,"Санкт-Петербург, район Кировский, Севастопольская ул., 24","Нарвская, 15 мин. пешком","59.8923769:30.2669066",TRUE,"Нарвская",1080.83499375089,60,"Санкт-Петербург, район Кировский, Севастопольская ул., 24","ID:10104712","+7 812 389-69...","новостройка","кирпично-монолитный"," 2016 год",TRUE,"1-комнатная",52,12.7,23.1,10,10,FALSE,TRUE,FALSE,TRUE,"Нарвская",15,"пешком",125577,6530000,"http://spb.cian.ru/sale/flat/141440450/",1,1,3,30.2669066,59.8923769,30.316215,59.948907,6867.97049132949,2016-09-01,84,TRUE,FALSE,6208038.21428571,-4.93,-321962,6.725
7339,"ЖК «Золотое время»","ЦДС","Строится",NA,96000,134000,"Санкт-Петербург, район Кировский, Севастопольская ул., 24","Нарвская, 15 мин. пешком","59.8923769:30.2669066",TRUE,"Нарвская",1080.83499375089,60,"Санкт-Петербург, район Кировский, Севастопольская ул., 24","ID:10104712","+7 812 389-69...","новостройка","кирпично-монолитный"," 2016 год",TRUE,"1-комнатная",34,15.7,9.5,10,10,FALSE,TRUE,TRUE,FALSE,"Нарвская",15,"пешком",122059,4150000,"http://spb.cian.ru/sale/flat/141450823/",1,1,3,30.2669066,59.8923769,30.316215,59.948907,6867.97049132949,2016-09-01,84,TRUE,FALSE,4320920.33333333,4.12,170920,6.725
7339,"ЖК «Золотое время»","ЦДС","Строится",NA,96000,134000,"Санкт-Петербург, район Кировский, Севастопольская ул., 24","Нарвская, 15 мин. пешком","59.8923769:30.2669066",TRUE,"Нарвская",1080.83499375089,60,"Санкт-Петербург, район Кировский, Севастопольская ул., 24","ID:10104712","+7 812 389-69...","новостройка","кирпично-монолитный"," 2016 год",TRUE,"1-комнатная",45,18,12.1,1,10,FALSE,TRUE,FALSE,FALSE,"Нарвская",15,"пешком",95333,4290000,"http://spb.cian.ru/sale/flat/141439145/",1,1,3,30.2669066,59.8923769,30.316215,59.948907,6867.97049132949,2016-09-01,84,FALSE,TRUE,4847848,13,557848,6.725
7339,"ЖК «Золотое время»","ЦДС","Строится",NA,96000,134000,"Санкт-Петербург, район Кировский, Севастопольская ул., 24","Нарвская, 15 мин. пешком","59.8923769:30.2669066",TRUE,"Нарвская",1080.83499375089,60,"Санкт-Петербург, район Кировский, Севастопольская ул., 24","ID:10104712","+7 812 389-69...","новостройка","кирпично-монолитный"," 2016 год",TRUE,"1-комнатная",35,16.8,10,10,10,FALSE,TRUE,TRUE,FALSE,"Нарвская",15,"пешком",124000,4340000,"http://spb.cian.ru/sale/flat/141439138/",1,1,3,30.2669066,59.8923769,30.316215,59.948907,6867.97049132949,2016-09-01,84,TRUE,FALSE,4419454.66666667,1.83,79455,6.725
7339,"ЖК «Золотое время»","ЦДС","Строится",NA,96000,134000,"Санкт-Петербург, район Кировский, Севастопольская ул., 24","Нарвская, 15 мин. пешком","59.8923769:30.2669066",TRUE,"Нарвская",1080.83499375089,60,"Санкт-Петербург, район Кировский, Севастопольская ул., 24","ID:10104712","+7 812 389-69...","новостройка","кирпично-монолитный"," 2016 год",TRUE,"1-комнатная",39,15.9,10,10,10,FALSE,TRUE,TRUE,FALSE,"Нарвская",15,"пешком",119231,4650000,"http://spb.cian.ru/sale/flat/141438906/",1,1,3,30.2669066,59.8923769,30.316215,59.948907,6867.97049132949,2016-09-01,84,TRUE,FALSE,4585513.66666667,-1.39,-64486,6.725
7339,"ЖК «Золотое время»","ЦДС","Строится",NA,96000,134000,"Санкт-Петербург, район Кировский, Севастопольская ул., 24","Нарвская, 15 мин. пешком","59.8923769:30.2669066",TRUE,"Нарвская",1080.83499375089,60,"Санкт-Петербург, район Кировский, Севастопольская ул., 24","ID:10104712","+7 812 389-69...","новостройка","кирпично-монолитный"," 2016 год",TRUE,"1-комнатная",38,17.7,10.9,8,10,FALSE,TRUE,TRUE,FALSE,"Нарвская",15,"пешком",124211,4720000,"http://spb.cian.ru/sale/flat/141438897/",1,1,3,30.2669066,59.8923769,30.316215,59.948907,6867.97049132949,2016-09-01,84,FALSE,FALSE,4661446.33333333,-1.24,-58554,6.725
7413,"ЖК «Пулковский»","ЦДС","Строится",NA,83000,146000,"Санкт-Петербург, район Московский, Пулковское ш., 40К3","Звёздная, 15 мин. пешком","59.819016:30.325073",TRUE,"Звёздная",2089.14306998272,115,"Санкт-Петербург, район Московский, Пулковское ш., 36к5","ID:10104712","+7 812 389-69...","новостройка","кирпично-монолитный"," 2016 год",TRUE,"1-комнатная",36,16.9,10,23,25,FALSE,TRUE,TRUE,FALSE,"Звёздная",20,"пешком",118611,4270000,"http://spb.cian.ru/sale/flat/141440911/",1,1,3,30.325073,59.819016,30.316215,59.948907,14467.862199773,2016-09-01,84,FALSE,FALSE,4309208.25757576,0.92,39208,6.725
7413,"ЖК «Пулковский»","ЦДС","Строится",NA,83000,146000,"Санкт-Петербург, район Московский, Пулковское ш., 40К3","Звёздная, 15 мин. пешком","59.819016:30.325073",TRUE,"Звёздная",2089.14306998272,115,"Санкт-Петербург, район Московский, Пулковское ш., 36к5","ID:10104712","+7 812 389-69...","новостройка","кирпично-монолитный"," 2016 год",TRUE,"1-комнатная",40,16.9,10.1,25,25,FALSE,TRUE,FALSE,TRUE,"Звёздная",20,"пешком",111000,4440000,"http://spb.cian.ru/sale/flat/141440912/",1,1,3,30.325073,59.819016,30.316215,59.948907,14467.862199773,2016-09-01,84,TRUE,FALSE,4315380.92424242,-2.81,-124619,6.725
7413,"ЖК «Пулковский»","ЦДС","Строится",NA,83000,146000,"Санкт-Петербург, район Московский, Пулковское ш., 40К3","Звёздная, 15 мин. пешком","59.819016:30.325073",TRUE,"Звёздная",2089.14306998272,115,"Санкт-Петербург, район Московский, Пулковское ш., 40К3","ID:10104712","+7 812 389-69...","новостройка","кирпично-монолитный"," 2015 год",TRUE,"1-комнатная",40,16.9,9.8,24,25,FALSE,TRUE,FALSE,TRUE,"Звёздная",15,"пешком",117500,4700000,"http://spb.cian.ru/sale/flat/141440903/",1,1,3,30.325073,59.819016,30.316215,59.948907,14467.862199773,2015-09-01,0,FALSE,FALSE,4326103.09090909,-7.96,-373897,6.725
7413,"ЖК «Пулковский»","ЦДС","Строится",NA,83000,146000,"Санкт-Петербург, район Московский, Пулковское ш., 40К3","Звёздная, 15 мин. пешком","59.819016:30.325073",TRUE,"Звёздная",2089.14306998272,115,"Санкт-Петербург, район Московский, Пулковское ш., 40К3","ID:10104712","+7 812 389-69...","новостройка","кирпично-монолитный"," 2015 год",TRUE,"1-комнатная",35,15.2,8.6,1,25,FALSE,TRUE,FALSE,FALSE,"Звёздная",15,"пешком",105143,3680000,"http://spb.cian.ru/sale/flat/141440902/",1,1,3,30.325073,59.819016,30.316215,59.948907,14467.862199773,2015-09-01,0,FALSE,TRUE,3834506.93939394,4.2,154507,6.725
7770,"ЖК «Богемия»","ЛСР. Недвижимость","Строится",NA,108000,180000,"Санкт-Петербург, район Московский, Смоленская ул., 14","Фрунзенская, 10 мин. пешком","59.904479:30.32304",TRUE,"Фрунзенская",370.464773506589,436,"Санкт-Петербург, район Московский, Смоленская ул., 14","ID:12325973","+7 812 602-90...","новостройка","кирпично-монолитный"," 2018 год",TRUE,"1-комнатная",64,22.8,22.8,2,14,FALSE,TRUE,FALSE,FALSE,"Фрунзенская",10,"пешком",120625,7720000,"http://spb.cian.ru/sale/flat/145072935/",1,1,3,30.32304,59.904479,30.316215,59.948907,4960.33453598006,2018-09-01,814,FALSE,FALSE,7898455.07359307,2.31,178455,6.725
7770,"ЖК «Богемия»","ЛСР. Недвижимость","Строится",NA,108000,180000,"Санкт-Петербург, район Московский, Смоленская ул., 14","Фрунзенская, 10 мин. пешком","59.904479:30.32304",TRUE,"Фрунзенская",370.464773506589,436,"Санкт-Петербург, район Московский, Смоленская ул., 14","ID:12325973","+7 812 602-90...","новостройка","кирпично-монолитный"," 2018 год",TRUE,"1-комнатная",52,14.9,19.9,6,14,FALSE,TRUE,FALSE,TRUE,"Фрунзенская",10,"пешком",150577,7830000,"http://spb.cian.ru/sale/flat/145072695/",1,1,3,30.32304,59.904479,30.316215,59.948907,4960.33453598006,2018-09-01,814,FALSE,FALSE,7728947.24242424,-1.29,-101053,6.725
7770,"ЖК «Богемия»","ЛСР. Недвижимость","Строится",NA,108000,180000,"Санкт-Петербург, район Московский, Смоленская ул., 14","Фрунзенская, 10 мин. пешком","59.904479:30.32304",TRUE,"Фрунзенская",370.464773506589,436,"Санкт-Петербург, район Московский, Смоленская ул., 14","ID:12325973","+7 812 602-90...","новостройка","кирпично-монолитный"," 2018 год",TRUE,"1-комнатная",60,22.8,17.9,5,14,FALSE,TRUE,FALSE,TRUE,"Фрунзенская",10,"пешком",146167,8770000,"http://spb.cian.ru/sale/flat/145072684/",1,1,3,30.32304,59.904479,30.316215,59.948907,4960.33453598006,2018-09-01,814,FALSE,FALSE,8534268.79004329,-2.69,-235731,6.725
7770,"ЖК «Богемия»","ЛСР. Недвижимость","Строится",NA,108000,180000,"Санкт-Петербург, район Московский, Смоленская ул., 14","Фрунзенская, 10 мин. пешком","59.904479:30.32304",TRUE,"Фрунзенская",370.464773506589,436,"Санкт-Петербург, район Московский, Смоленская ул., 14","ID:12325973","+7 812 602-90...","новостройка","кирпично-монолитный"," 2018 год",TRUE,"1-комнатная",59,17.2,20,11,14,FALSE,TRUE,FALSE,TRUE,"Фрунзенская",10,"пешком",155254,9160000,"http://spb.cian.ru/sale/flat/145072955/",1,1,3,30.32304,59.904479,30.316215,59.948907,4960.33453598006,2018-09-01,814,FALSE,FALSE,8650800.02813853,-5.56,-509200,6.725
7770,"ЖК «Богемия»","ЛСР. Недвижимость","Строится",NA,108000,180000,"Санкт-Петербург, район Московский, Смоленская ул., 14","Фрунзенская, 10 мин. пешком","59.904479:30.32304",TRUE,"Фрунзенская",370.464773506589,436,"Санкт-Петербург, район Московский, Смоленская ул., 14","ID:12325973","+7 812 602-90...","новостройка","кирпично-монолитный"," 2018 год",TRUE,"1-комнатная",60,22.8,17.9,10,14,FALSE,TRUE,FALSE,TRUE,"Фрунзенская",10,"пешком",154667,9280000,"http://spb.cian.ru/sale/flat/145072957/",1,1,3,30.32304,59.904479,30.316215,59.948907,4960.33453598006,2018-09-01,814,FALSE,FALSE,8741411.45670996,-5.8,-538589,6.725
7770,"ЖК «Богемия»","ЛСР. Недвижимость","Строится",NA,108000,180000,"Санкт-Петербург, район Московский, Смоленская ул., 14","Фрунзенская, 10 мин. пешком","59.904479:30.32304",TRUE,"Фрунзенская",370.464773506589,436,"Санкт-Петербург, район Московский, Смоленская ул., 14","ID:12325973","+7 812 602-90...","новостройка","кирпично-монолитный"," 2018 год",TRUE,"1-комнатная",51,18.1,16.3,2,14,FALSE,TRUE,FALSE,FALSE,"Фрунзенская",10,"пешком",131765,6720000,"http://spb.cian.ru/sale/flat/145072942/",1,1,3,30.32304,59.904479,30.316215,59.948907,4960.33453598006,2018-09-01,814,FALSE,FALSE,6827133.78787879,1.59,107134,6.725
7770,"ЖК «Богемия»","ЛСР. Недвижимость","Строится",NA,108000,180000,"Санкт-Петербург, район Московский, Смоленская ул., 14","Фрунзенская, 10 мин. пешком","59.904479:30.32304",TRUE,"Фрунзенская",370.464773506589,436,"Санкт-Петербург, район Московский, Смоленская ул., 14","ID:11432131","+7 812 389-69...","новостройка","кирпично-монолитный"," 2018 год",TRUE,"1-комнатная",51,18.1,16.3,2,14,FALSE,FALSE,FALSE,FALSE,"Фрунзенская",6,"пешком",131765,6720000,"http://spb.cian.ru/sale/flat/50196886/",1,1,3,30.32304,59.904479,30.316215,59.948907,4960.33453598006,2018-09-01,814,FALSE,FALSE,6843278.45454546,1.83,123278,6.725
7770,"ЖК «Богемия»","ЛСР. Недвижимость","Строится",NA,108000,180000,"Санкт-Петербург, район Московский, Смоленская ул., 14","Фрунзенская, 10 мин. пешком","59.904479:30.32304",TRUE,"Фрунзенская",370.464773506589,436,"Санкт-Петербург, район Московский, Смоленская ул., 14","ID:12325973","+7 812 602-90...","новостройка","кирпично-монолитный"," 2018 год",TRUE,"1-комнатная",56,19.9,19.9,2,14,FALSE,TRUE,FALSE,FALSE,"Фрунзенская",10,"пешком",132679,7430000,"http://spb.cian.ru/sale/flat/145072949/",1,1,3,30.32304,59.904479,30.316215,59.948907,4960.33453598006,2018-09-01,814,FALSE,FALSE,7452653.28787879,0.3,22653,6.725
7770,"ЖК «Богемия»","ЛСР. Недвижимость","Строится",NA,108000,180000,"Санкт-Петербург, район Московский, Смоленская ул., 14","Фрунзенская, 10 мин. пешком","59.904479:30.32304",TRUE,"Фрунзенская",370.464773506589,436,"Санкт-Петербург, район Московский, Смоленская ул., 14","ID:12325973","+7 812 602-90...","новостройка","кирпично-монолитный"," 2018 год",TRUE,"1-комнатная",52,14.9,19.9,7,14,FALSE,TRUE,FALSE,TRUE,"Фрунзенская",10,"пешком",150769,7840000,"http://spb.cian.ru/sale/flat/145072710/",1,1,3,30.32304,59.904479,30.316215,59.948907,4960.33453598006,2018-09-01,814,FALSE,FALSE,7737080.57575757,-1.31,-102919,6.725
7770,"ЖК «Богемия»","ЛСР. Недвижимость","Строится",NA,108000,180000,"Санкт-Петербург, район Московский, Смоленская ул., 14","Фрунзенская, 10 мин. пешком","59.904479:30.32304",TRUE,"Фрунзенская",370.464773506589,436,"Санкт-Петербург, район Московский, Смоленская ул., 14","ID:12325973","+7 812 602-90...","новостройка","кирпично-монолитный"," 2018 год",TRUE,"1-комнатная",47,15.7,16.8,2,14,FALSE,TRUE,FALSE,FALSE,"Фрунзенская",10,"пешком",131064,6160000,"http://spb.cian.ru/sale/flat/145072940/",1,1,3,30.32304,59.904479,30.316215,59.948907,4960.33453598006,2018-09-01,814,FALSE,FALSE,6534868.02597403,6.09,374868,6.725
7770,"ЖК «Богемия»","ЛСР. Недвижимость","Строится",NA,108000,180000,"Санкт-Петербург, район Московский, Смоленская ул., 14","Фрунзенская, 10 мин. пешком","59.904479:30.32304",TRUE,"Фрунзенская",370.464773506589,436,"Санкт-Петербург, район Московский, Смоленская ул., 14","ID:12325973","+7 812 602-90...","новостройка","кирпично-монолитный"," 2018 год",TRUE,"1-комнатная",43,10.8,16.8,3,14,FALSE,TRUE,FALSE,TRUE,"Фрунзенская",10,"пешком",147674,6350000,"http://spb.cian.ru/sale/flat/145072937/",1,1,3,30.32304,59.904479,30.316215,59.948907,4960.33453598006,2018-09-01,814,FALSE,FALSE,6544944.90909091,3.07,194945,6.725
7770,"ЖК «Богемия»","ЛСР. Недвижимость","Строится",NA,108000,180000,"Санкт-Петербург, район Московский, Смоленская ул., 14","Фрунзенская, 10 мин. пешком","59.904479:30.32304",TRUE,"Фрунзенская",370.464773506589,436,"Санкт-Петербург, район Московский, Смоленская ул., 14","ID:12325973","+7 812 602-90...","новостройка","кирпично-монолитный"," 2018 год",TRUE,"1-комнатная",56,19.9,19.9,2,14,FALSE,TRUE,FALSE,FALSE,"Фрунзенская",10,"пешком",132857,7440000,"http://spb.cian.ru/sale/flat/145072952/",1,1,3,30.32304,59.904479,30.316215,59.948907,4960.33453598006,2018-09-01,814,FALSE,FALSE,7452653.28787879,0.17,12653,6.725
8114,"ЖК «Весна-3»","ЦДС","Строится",NA,53000,80000,"Ленинградская область, Всеволожский район, Заневское городское поселение, д. Кудрово, ул. Областная","Улица Дыбенко, 30 мин. пешком","59.918706:30.511009",TRUE,"Улица Дыбенко",1992.10676715425,790,"Ленинградская область, Всеволожский район, Заневское городское поселение, д. Кудрово, ул. Немецкая","ID:10104712","+7 812 389-69...","новостройка","кирпично-монолитный"," 2018 год",TRUE,"1-комнатная",33,15.2,8.5,4,14,FALSE,TRUE,FALSE,FALSE,NA,NA,NA,74242,2450000,"http://spb.cian.ru/sale/flat/141447589/",1,1,3,30.511009,59.918706,30.316215,59.948907,11372.1762626712,2018-09-01,814,FALSE,FALSE,2432099.32034632,-0.73,-17901,6.725
8114,"ЖК «Весна-3»","ЦДС","Строится",NA,53000,80000,"Ленинградская область, Всеволожский район, Заневское городское поселение, д. Кудрово, ул. Областная","Улица Дыбенко, 30 мин. пешком","59.918706:30.511009",TRUE,"Улица Дыбенко",1992.10676715425,790,"Ленинградская область, Всеволожский район, Заневское городское поселение, д. Кудрово, ул. Немецкая","ID:10104712","+7 812 389-69...","новостройка","кирпично-монолитный"," 2018 год",TRUE,"1-комнатная",33,15.9,8.6,5,14,FALSE,TRUE,FALSE,FALSE,NA,NA,NA,74545,2460000,"http://spb.cian.ru/sale/flat/141447627/",1,1,3,30.511009,59.918706,30.316215,59.948907,11372.1762626712,2018-09-01,814,FALSE,FALSE,2442648.47907648,-0.71,-17352,6.725
8114,"ЖК «Весна-3»","ЦДС","Строится",NA,53000,80000,"Ленинградская область, Всеволожский район, Заневское городское поселение, д. Кудрово, ул. Областная","Улица Дыбенко, 30 мин. пешком","59.918706:30.511009",TRUE,"Улица Дыбенко",1992.10676715425,790,"Ленинградская область, Всеволожский район, Заневское городское поселение, д. Кудрово, ул. Немецкая","ID:10104712","+7 812 389-69...","новостройка","кирпично-монолитный"," 2018 год",TRUE,"1-комнатная",37,15.5,9.9,1,14,FALSE,TRUE,FALSE,FALSE,NA,NA,NA,66757,2470000,"http://spb.cian.ru/sale/flat/141448804/",1,1,3,30.511009,59.918706,30.316215,59.948907,11372.1762626712,2018-09-01,814,FALSE,TRUE,2441355.78860029,-1.16,-28644,6.725
8114,"ЖК «Весна-3»","ЦДС","Строится",NA,53000,80000,"Ленинградская область, Всеволожский район, Заневское городское поселение, д. Кудрово, ул. Областная","Улица Дыбенко, 30 мин. пешком","59.918706:30.511009",TRUE,"Улица Дыбенко",1992.10676715425,790,"Ленинградская область, Всеволожский район, Заневское городское поселение, д. Кудрово, ул. Немецкая","ID:10104712","+7 812 389-69...","новостройка","кирпично-монолитный"," 2018 год",TRUE,"1-комнатная",37,15.2,10.2,1,14,FALSE,TRUE,FALSE,FALSE,NA,NA,NA,66757,2470000,"http://spb.cian.ru/sale/flat/141448821/",1,1,3,30.511009,59.918706,30.316215,59.948907,11372.1762626712,2018-09-01,814,FALSE,TRUE,2434713.78860029,-1.43,-35286,6.725
8114,"ЖК «Весна-3»","ЦДС","Строится",NA,53000,80000,"Ленинградская область, Всеволожский район, Заневское городское поселение, д. Кудрово, ул. Областная","Улица Дыбенко, 30 мин. пешком","59.918706:30.511009",TRUE,"Улица Дыбенко",1992.10676715425,790,"Ленинградская область, Всеволожский район, Заневское городское поселение, д. Кудрово, ул. Немецкая","ID:10104712","+7 812 389-69...","новостройка","кирпично-монолитный"," 2018 год",TRUE,"1-комнатная",34,15.9,9.3,11,14,FALSE,TRUE,FALSE,FALSE,NA,NA,NA,73824,2510000,"http://spb.cian.ru/sale/flat/141447805/",1,1,3,30.511009,59.918706,30.316215,59.948907,11372.1762626712,2018-09-01,814,FALSE,FALSE,2462807.002886,-1.88,-47193,6.725
8114,"ЖК «Весна-3»","ЦДС","Строится",NA,53000,80000,"Ленинградская область, Всеволожский район, Заневское городское поселение, д. Кудрово, ул. Областная","Улица Дыбенко, 30 мин. пешком","59.918706:30.511009",TRUE,"Улица Дыбенко",1992.10676715425,790,"Ленинградская область, Всеволожский район, Заневское городское поселение, д. Кудрово, ул. Немецкая","ID:10104712","+7 812 389-69...","новостройка","кирпично-монолитный"," 2018 год",TRUE,"1-комнатная",34,15.2,9,1,14,FALSE,TRUE,FALSE,FALSE,NA,NA,NA,67941,2310000,"http://spb.cian.ru/sale/flat/141447789/",1,1,3,30.511009,59.918706,30.316215,59.948907,11372.1762626712,2018-09-01,814,FALSE,TRUE,2370691.76479076,2.63,60692,6.725
8114,"ЖК «Весна-3»","ЦДС","Строится",NA,53000,80000,"Ленинградская область, Всеволожский район, Заневское городское поселение, д. Кудрово, ул. Областная","Улица Дыбенко, 30 мин. пешком","59.918706:30.511009",TRUE,"Улица Дыбенко",1992.10676715425,790,"Ленинградская область, Всеволожский район, Заневское городское поселение, д. Кудрово, ул. Немецкая","ID:10104712","+7 812 389-69...","новостройка","кирпично-монолитный"," 2018 год",TRUE,"1-комнатная",33,15.6,8.5,11,14,FALSE,TRUE,FALSE,FALSE,NA,NA,NA,72727,2400000,"http://spb.cian.ru/sale/flat/141447561/",1,1,3,30.511009,59.918706,30.316215,59.948907,11372.1762626712,2018-09-01,814,FALSE,FALSE,2439413.65367965,1.64,39414,6.725
8114,"ЖК «Весна-3»","ЦДС","Строится",NA,53000,80000,"Ленинградская область, Всеволожский район, Заневское городское поселение, д. Кудрово, ул. Областная","Улица Дыбенко, 30 мин. пешком","59.918706:30.511009",TRUE,"Улица Дыбенко",1992.10676715425,790,"Ленинградская область, Всеволожский район, Заневское городское поселение, д. Кудрово, ул. Немецкая","ID:10104712","+7 812 389-69...","новостройка","кирпично-монолитный"," 2018 год",TRUE,"1-комнатная",33,15.9,8.6,2,14,FALSE,TRUE,FALSE,FALSE,NA,NA,NA,73939,2440000,"http://spb.cian.ru/sale/flat/141448747/",1,1,3,30.511009,59.918706,30.316215,59.948907,11372.1762626712,2018-09-01,814,FALSE,FALSE,2432546.47907648,-0.31,-7454,6.725
8114,"ЖК «Весна-3»","ЦДС","Строится",NA,53000,80000,"Ленинградская область, Всеволожский район, Заневское городское поселение, д. Кудрово, ул. Областная","Улица Дыбенко, 30 мин. пешком","59.918706:30.511009",TRUE,"Улица Дыбенко",1992.10676715425,790,"Ленинградская область, Всеволожский район, Заневское городское поселение, д. Кудрово, ул. Немецкая","ID:10104712","+7 812 389-69...","новостройка","кирпично-монолитный"," 2018 год",TRUE,"1-комнатная",32,15,9.5,1,14,FALSE,TRUE,FALSE,FALSE,NA,NA,NA,69062,2210000,"http://spb.cian.ru/sale/flat/141448739/",1,1,3,30.511009,59.918706,30.316215,59.948907,11372.1762626712,2018-09-01,814,FALSE,TRUE,2327194.39177489,5.3,117194,6.725
